<?xml version="1.0" encoding="utf-8"?>
<Root>
  <Customers>
    <Customer CustomerID='GREAL'>
      <CompanyName>Great Lakes Food Market</CompanyName>
      <ContactName>Howard Snyder</ContactName>
      <ContactTitle>Marketing Manager</ContactTitle>
      <Phone>(503) 555-7555</Phone>
    </Customer>
    <Customer CustomerID='HUNGC'>
      <CompanyName>Hungry Coyote Import Store</CompanyName>
      <ContactName>Yoshi Latimer</ContactName>
      <ContactTitle>Sales Representative</ContactTitle>
      <Phone>(503) 555-6874</Phone>
    </Customer>
    <Customer CustomerID='LAZYK'>
      <CompanyName>Lazy K Kountry Store</CompanyName>
      <ContactName>John Steel</ContactName>
      <ContactTitle>Marketing Manager</ContactTitle>
      <Phone>(509) 555-7969</Phone>
    </Customer>
    <Customer CustomerID='LETSS'>
      <CompanyName>Let's Stop N Shop</CompanyName>
      <ContactName>Jaime Yorres</ContactName>
      <ContactTitle>Owner</ContactTitle>
      <Phone>(415) 555-5938</Phone>
    </Customer>
  </Customers>
</Root>