<?xml version="1.0" encoding="UTF-8"?>
<?xml-stylesheet type='text/xsl'?> 
<CATALOG>
	<CD>
	<TITLE>dill diya galla</TITLE>
	<ARTIST>Arijit singh</ARTIST>
	<COUNTRY>India</COUNTRY>
	<COMPANY>tseries</COMPANY>
	<PRICE>10.90</PRICE>
	<YEAR>2018</YEAR>
	</CD>
	<CD>
	<TITLE>Saiyara</TITLE>
	<ARTIST>Atif Aslam</ARTIST>
	<COUNTRY>Uk</COUNTRY>
	<COMPANY>Records</COMPANY>
	<PRICE>9.90</PRICE>
	<YEAR>2015</YEAR>
	</CD>
	<CD>
	<TITLE>Khairiyat</TITLE>
	<ARTIST>Sonu nigam</ARTIST>
	<COUNTRY>india</COUNTRY>
	<COMPANY>radio</COMPANY>
	<PRICE>9.90</PRICE>
	<YEAR>2019</YEAR>
	</CD>
	<CD>
	<TITLE>all is well</TITLE>
	<ARTIST>Amir Khan</ARTIST>
	<COUNTRY>pak</COUNTRY>
	<COMPANY>Virgin records</COMPANY>
	<PRICE>10.20</PRICE>
	<YEAR>2012</YEAR>
	</CD>
	<CD>
	<TITLE>rockstar</TITLE>
	<ARTIST>kk</ARTIST>
	<COUNTRY>india</COUNTRY>
	<COMPANY>Eros</COMPANY>
	<PRICE>9.90</PRICE>
	<YEAR>2014</YEAR>
	</CD>
</CATALOG>